{
  "atr_mul": 1.4000000000000001,
  "risk": 0.023,
  "tf_weights": {
    "4H": 0.13190405846495656,
    "1H": 0.35093922299957275,
    "15min": 0.34730862960008424,
    "5min": 0.05684242867863634,
    "1min": 0.11300566025675007
  },
  "strat_weights": {
    "ema": 0.2660861735584141,
    "rsi": 0.15643382596804123,
    "bb": 0.5774800004735446
  },
  "enter_thr": 0.6000000000000001,
  "metrics": {
    "start": 10000.0,
    "end": 11531.123833348654,
    "total_return": 0.15311238333486554,
    "cagr": 0.7707875194027405,
    "mdd": -0.027632057762085993,
    "sharpe": 5.835719871305339
  }
}